Extension,Altitude,Velocity,Drag,Center_of_Pressure
0,0,34.0,7.067368,0.689644
0,0,68.0,26.54915,0.6839051
0,0,102.0,57.55965,0.6831837
0,0,137.0,99.96909,0.6830199
0,0,171.0,153.3719,0.6826655
0,0,205.0,217.6699,0.6831949
0,0,240.0,292.6834,0.6835693
0,0,274.0,378.3943,0.6822745
0,0,308.0,474.9042,0.6818333
0,0,343.0,581.1713,0.6836228
0,0,377.0,701.0983,0.6809654
0,0,411.0,826.9325,0.6814365
0,0,445.0,966.4949,0.6816837
0,0,480.0,1114.525,0.6820835
0,0,514.0,1274.397,0.6812108
0,1000,34.0,6.459812,0.6917785
0,1000,68.0,24.27062,0.6837823
0,1000,102.0,52.67036,0.6827928
0,1000,137.0,91.30802,0.6836889
0,1000,171.0,139.9006,0.6859891
0,1000,205.0,198.4542,0.6827315
0,1000,240.0,267.2423,0.6837806
0,1000,274.0,346.0058,0.6826854
0,1000,308.0,434.1193,0.6830659
0,1000,343.0,531.8253,0.6828948
0,1000,377.0,638.0651,0.6836417
0,1000,411.0,757.9021,0.681623
0,1000,445.0,880.2498,0.6845939
0,1000,480.0,1017.958,0.6816444
0,1000,514.0,1162.903,0.6806825
0,2000,34.0,5.900499,0.691049
0,2000,68.0,22.12347,0.6843662
0,2000,102.0,47.93084,0.6826929
0,2000,137.0,83.29915,0.6821327
0,2000,171.0,127.6207,0.6820021
0,2000,205.0,180.7873,0.6831707
0,2000,240.0,243.7518,0.6823277
0,2000,274.0,314.6014,0.6842375
0,2000,308.0,395.3845,0.6815349
0,2000,343.0,484.5154,0.6831554
0,2000,377.0,581.7684,0.6819682
0,2000,411.0,688.1906,0.6816052
0,2000,445.0,803.5492,0.6825364
0,2000,480.0,926.4985,0.6817319
0,2000,514.0,1057.403,0.6843001
0,3000,34.0,5.381708,0.6916979
0,3000,68.0,20.13852,0.6847609
0,3000,102.0,43.68694,0.6833594
0,3000,137.0,75.77287,0.6828681
0,3000,171.0,115.9503,0.6854472
0,3000,205.0,164.4921,0.6821311
0,3000,240.0,221.5869,0.6825663
0,3000,274.0,286.9183,0.6829209
0,3000,308.0,359.1461,0.682724
0,3000,343.0,440.5635,0.6820095
0,3000,377.0,529.2539,0.6819327
0,3000,411.0,624.4525,0.6818402
0,3000,445.0,728.5115,0.6820232
0,3000,480.0,842.0457,0.68299
0,3000,514.0,961.7117,0.6819562
0,4000,34.0,4.892213,0.6916955
0,4000,68.0,18.29838,0.6849555
0,4000,102.0,39.59246,0.6842629
0,4000,137.0,68.63155,0.6831764
0,4000,171.0,105.3118,0.6830786
0,4000,205.0,149.4365,0.6843044
0,4000,240.0,200.8079,0.6826104
0,4000,274.0,259.4473,0.6813827
0,4000,308.0,326.2332,0.6826673
0,4000,343.0,399.3462,0.6812444
0,4000,377.0,479.3516,0.6825114
0,4000,411.0,566.3195,0.6817163
0,4000,445.0,660.8074,0.6817146
0,4000,480.0,762.0417,0.6845866
0,4000,514.0,871.8527,0.6815271
0,5000,34.0,4.433228,0.6972311
0,5000,68.0,16.58303,0.6855133
0,5000,102.0,35.8459,0.6876187
0,5000,137.0,62.18672,0.682211
0,5000,171.0,95.46094,0.6829781
0,5000,205.0,135.014,0.685141
0,5000,240.0,181.7347,0.6824533
0,5000,274.0,234.7471,0.6821926
0,5000,308.0,294.79,0.6830192
0,5000,343.0,360.6953,0.6821849
0,5000,377.0,433.8533,0.6818162
0,5000,411.0,512.4958,0.6818802
0,5000,445.0,597.8141,0.6836481
0,5000,480.0,688.6406,0.6838894
0,5000,514.0,787.1019,0.6859807
0,6000,34.0,4.016498,0.6950065
0,6000,68.0,14.98393,0.6872646
0,6000,102.0,32.4324,0.6833229
0,6000,137.0,56.20885,0.6832514
0,6000,171.0,86.00323,0.6851957
0,6000,205.0,122.1528,0.6824726
0,6000,240.0,164.1115,0.6849629
0,6000,274.0,211.948,0.6821451
0,6000,308.0,265.9549,0.6840708
0,6000,343.0,325.1549,0.687039
0,6000,377.0,391.2388,0.6838099
0,6000,411.0,462.3341,0.682137
0,6000,445.0,538.9482,0.6834029
0,6000,480.0,622.5316,0.6821446
0,6000,514.0,711.9605,0.6823783
0,7000,34.0,3.622482,0.6985046
0,7000,68.0,13.51603,0.6872701
0,7000,102.0,29.23662,0.6839238
0,7000,137.0,50.67001,0.6831586
0,7000,171.0,77.51633,0.6827208
0,7000,205.0,109.8847,0.6834272
0,7000,240.0,148.0727,0.6831657
0,7000,274.0,190.9293,0.6825723
0,7000,308.0,239.6202,0.6824501
0,7000,343.0,292.8689,0.6849634
0,7000,377.0,351.7267,0.6834926
0,7000,411.0,415.3571,0.685602
0,7000,445.0,485.0831,0.6830193
0,7000,480.0,560.7186,0.6825604
0,7000,514.0,639.6121,0.68271
0,8000,34.0,3.268512,0.6983125
0,8000,68.0,12.15614,0.6881377
0,8000,102.0,26.24765,0.6893716
0,8000,137.0,45.52896,0.6829664
0,8000,171.0,69.65157,0.6826066
0,8000,205.0,98.76672,0.6833959
0,8000,240.0,132.7071,0.6831786
0,8000,274.0,171.4924,0.6842576
0,8000,308.0,214.9644,0.6821608
0,8000,343.0,263.6947,0.6832502
0,8000,377.0,316.2098,0.6822787
0,8000,411.0,373.7293,0.6820928
0,8000,445.0,435.4756,0.6826333
0,8000,480.0,501.5244,0.687485
0,8000,514.0,573.845,0.6831615
0,9000,34.0,2.93206,0.7007716
0,9000,68.0,10.88661,0.6905923
0,9000,102.0,23.54066,0.685865
0,9000,137.0,40.75145,0.6834787
0,9000,171.0,62.41349,0.6842179
0,9000,205.0,88.52768,0.6822031
0,9000,240.0,118.7467,0.6825206
0,9000,274.0,153.1339,0.6865951
0,9000,308.0,192.5889,0.6825153
0,9000,343.0,235.8502,0.6831164
0,9000,377.0,283.4624,0.6831202
0,9000,411.0,334.5549,0.6818782
0,9000,445.0,390.715,0.6830139
0,9000,480.0,449.7831,0.6824357
0,9000,514.0,513.7033,0.6821222
0,10000,34.0,2.630507,0.7002115
0,10000,68.0,9.737296,0.6910057
0,10000,102.0,21.02775,0.6858647
0,10000,137.0,36.43204,0.6843249
0,10000,171.0,55.73155,0.6825667
0,10000,205.0,79.1028,0.6825671
0,10000,240.0,106.1956,0.6830791
0,10000,274.0,137.2488,0.6834124
0,10000,308.0,171.9015,0.6821876
0,10000,343.0,210.0259,0.6832255
0,10000,377.0,252.2163,0.6851186
0,10000,411.0,298.2535,0.6836565
0,10000,445.0,347.5222,0.6829394
0,10000,480.0,400.995,0.6833318
0,10000,514.0,457.3008,0.684169
10,0,34.0,7.122129,0.6880098
10,0,68.0,26.79935,0.6814989
10,0,102.0,58.29481,0.6804324
10,0,137.0,101.286,0.6788768
10,0,171.0,155.7728,0.6752853
10,0,205.0,221.1234,0.6758027
10,0,240.0,297.5548,0.6764739
10,0,274.0,385.5565,0.6766749
10,0,308.0,483.8347,0.6727086
10,0,343.0,592.97,0.6725635
10,0,377.0,712.9642,0.6747491
10,0,411.0,844.0794,0.674364
10,0,445.0,986.4016,0.6716779
10,0,480.0,1138.836,0.6709697
10,0,514.0,1301.143,0.6699171
10,1000,34.0,6.516358,0.6882447
10,1000,68.0,24.50724,0.6816524
10,1000,102.0,53.19609,0.6819586
10,1000,137.0,92.55025,0.6789131
10,1000,171.0,142.3655,0.6755328
10,1000,205.0,202.032,0.6753002
10,1000,240.0,271.7673,0.6745542
10,1000,274.0,351.8725,0.6753232
10,1000,308.0,441.023,0.6743837
10,1000,343.0,540.5026,0.67477
10,1000,377.0,650.2435,0.6744123
10,1000,411.0,768.6071,0.676155
10,1000,445.0,897.8183,0.6747651
10,1000,480.0,1037.653,0.6720564
10,1000,514.0,1185.329,0.6722497
10,2000,34.0,5.94407,0.6894456
10,2000,68.0,22.37103,0.6807573
10,2000,102.0,48.51118,0.6811748
10,2000,137.0,84.2412,0.6803315
10,2000,171.0,129.7987,0.6773222
10,2000,205.0,184.02,0.6755818
10,2000,240.0,247.0849,0.6779815
10,2000,274.0,320.4011,0.675969
10,2000,308.0,401.9291,0.6736391
10,2000,343.0,492.1959,0.6739952
10,2000,377.0,592.0106,0.6744732
10,2000,411.0,699.9325,0.6753387
10,2000,445.0,817.2797,0.6755347
10,2000,480.0,945.4772,0.6716537
10,2000,514.0,1078.043,0.673247
10,3000,34.0,5.416025,0.689503
10,3000,68.0,20.30441,0.6842871
10,3000,102.0,44.16367,0.6807813
10,3000,137.0,76.60715,0.6818564
10,3000,171.0,117.449,0.6826054
10,3000,205.0,167.3559,0.6762525
10,3000,240.0,224.5581,0.678893
10,3000,274.0,291.1775,0.6766159
10,3000,308.0,364.7018,0.6759446
10,3000,343.0,448.4471,0.6710393
10,3000,377.0,537.8015,0.67462
10,3000,411.0,636.3521,0.6729647
10,3000,445.0,742.761,0.6755337
10,3000,480.0,858.6346,0.6723302
10,3000,514.0,979.1982,0.6739804
10,4000,34.0,4.918989,0.6921205
10,4000,68.0,18.42971,0.6862756
10,4000,102.0,40.06836,0.6824971
10,4000,137.0,69.50056,0.6816208
10,4000,171.0,106.8514,0.678417
10,4000,205.0,151.7814,0.6761243
10,4000,240.0,203.854,0.6788791
10,4000,274.0,263.9883,0.6772521
10,4000,308.0,330.3573,0.6779276
10,4000,343.0,405.6061,0.6744652
10,4000,377.0,487.6377,0.6754804
10,4000,411.0,575.7949,0.6756629
10,4000,445.0,674.0114,0.6745527
10,4000,480.0,776.7338,0.674512
10,4000,514.0,887.7623,0.6735818
10,5000,34.0,4.467698,0.6916888
10,5000,68.0,16.70954,0.6845219
10,5000,102.0,36.25833,0.6830481
10,5000,137.0,62.92488,0.6818121
10,5000,171.0,96.54272,0.6811895
10,5000,205.0,137.1066,0.6803612
10,5000,240.0,184.3189,0.6792004
10,5000,274.0,238.8951,0.6783324
10,5000,308.0,299.9115,0.6735805
10,5000,343.0,367.1771,0.6738486
10,5000,377.0,440.9734,0.6756587
10,5000,411.0,522.1797,0.672773
10,5000,445.0,608.3786,0.6753378
10,5000,480.0,702.2868,0.6755063
10,5000,514.0,802.3309,0.6730595
10,6000,34.0,4.039103,0.6935497
10,6000,68.0,15.10488,0.6848621
10,6000,102.0,32.76459,0.6832883
10,6000,137.0,56.82457,0.682754
10,6000,171.0,87.32093,0.6783225
10,6000,205.0,123.683,0.6803628
10,6000,240.0,166.5073,0.6785893
10,6000,274.0,215.2083,0.6793239
10,6000,308.0,270.2492,0.6758765
10,6000,343.0,331.3447,0.6738562
10,6000,377.0,398.8757,0.6725893
10,6000,411.0,471.7783,0.6718754
10,6000,445.0,549.1952,0.6745811
10,6000,480.0,633.9671,0.6755787
10,6000,514.0,723.0608,0.6745178
10,7000,34.0,3.657254,0.6909714
10,7000,68.0,13.62881,0.6847118
10,7000,102.0,29.49743,0.6828843
10,7000,137.0,51.17963,0.6817659
10,7000,171.0,78.54265,0.6799554
10,7000,205.0,111.2799,0.6821676
10,7000,240.0,149.8302,0.6790494
10,7000,274.0,194.2158,0.6760516
10,7000,308.0,243.4182,0.6755455
10,7000,343.0,298.0347,0.6753767
10,7000,377.0,357.6045,0.6758356
10,7000,411.0,423.0743,0.6772916
10,7000,445.0,494.047,0.6750033
10,7000,480.0,570.7864,0.6726518
10,7000,514.0,649.927,0.6757053
10,8000,34.0,3.28758,0.6940009
10,8000,68.0,12.25187,0.6857113
10,8000,102.0,26.45763,0.6856265
10,8000,137.0,45.91875,0.6833555
10,8000,171.0,70.60649,0.6805338
10,8000,205.0,100.0571,0.6797634
10,8000,240.0,134.4442,0.6807458
10,8000,274.0,174.1636,0.677004
10,8000,308.0,218.2776,0.6766726
10,8000,343.0,266.9866,0.6777468
10,8000,377.0,321.0063,0.6772885
10,8000,411.0,379.5193,0.6774469
10,8000,445.0,443.7895,0.6730903
10,8000,480.0,511.2641,0.6768323
10,8000,514.0,583.4979,0.6739925
10,9000,34.0,2.953066,0.6937787
10,9000,68.0,10.95558,0.6891616
10,9000,102.0,23.74082,0.6845602
10,9000,137.0,41.20608,0.6813925
10,9000,171.0,63.19864,0.6805358
10,9000,205.0,89.46809,0.6821445
10,9000,240.0,120.2951,0.6817828
10,9000,274.0,155.7229,0.6802077
10,9000,308.0,194.7539,0.6808749
10,9000,343.0,239.1956,0.6766872
10,9000,377.0,287.8288,0.6735294
10,9000,411.0,339.4946,0.6765452
10,9000,445.0,396.1053,0.676775
10,9000,480.0,457.743,0.673919
10,9000,514.0,521.4964,0.6749699
10,10000,34.0,2.645954,0.6949122
10,10000,68.0,9.812105,0.6878459
10,10000,102.0,21.24457,0.6842572
10,10000,137.0,36.73309,0.6836874
10,10000,171.0,56.38028,0.6807628
10,10000,205.0,79.87779,0.6827449
10,10000,240.0,107.3076,0.6818743
10,10000,274.0,139.0995,0.6800207
10,10000,308.0,173.863,0.6805378
10,10000,343.0,213.2067,0.6778437
10,10000,377.0,256.4334,0.6759189
10,10000,411.0,302.624,0.6784771
10,10000,445.0,354.026,0.6735765
10,10000,480.0,408.1006,0.6738648
10,10000,514.0,464.1577,0.6787269
20,0,34.0,7.340869,0.703531
20,0,68.0,27.72702,0.6973372
20,0,102.0,60.41798,0.6958768
20,0,137.0,105.2929,0.6934479
20,0,171.0,161.8562,0.6936327
20,0,205.0,230.2909,0.6924837
20,0,240.0,310.836,0.6896214
20,0,274.0,402.6747,0.6880314
20,0,308.0,505.7481,0.6890872
20,0,343.0,616.6937,0.6923187
20,0,377.0,746.0155,0.6875856
20,0,411.0,882.5987,0.6885911
20,0,445.0,1032.271,0.6862428
20,0,480.0,1190.9,0.6871075
20,0,514.0,1363.828,0.6868655
20,1000,34.0,6.706539,0.7047213
20,1000,68.0,25.32943,0.6978413
20,1000,102.0,55.19329,0.6956592
20,1000,137.0,96.24394,0.6921412
20,1000,171.0,147.8894,0.6922829
20,1000,205.0,210.0366,0.6935474
20,1000,240.0,283.503,0.6908818
20,1000,274.0,367.368,0.6888192
20,1000,308.0,461.2357,0.6894656
20,1000,343.0,565.0531,0.6898296
20,1000,377.0,680.2338,0.6883231
20,1000,411.0,805.2788,0.6882989
20,1000,445.0,941.0108,0.6869192
20,1000,480.0,1086.151,0.6873657
20,1000,514.0,1243.107,0.6873321
20,2000,34.0,6.119796,0.7051659
20,2000,68.0,23.08704,0.6985478
20,2000,102.0,50.30123,0.6960061
20,2000,137.0,87.60271,0.693626
20,2000,171.0,134.6657,0.6927345
20,2000,205.0,191.5363,0.6923125
20,2000,240.0,258.1482,0.6911633
20,2000,274.0,334.0714,0.6904692
20,2000,308.0,419.7227,0.6890427
20,2000,343.0,514.7363,0.6894213
20,2000,377.0,618.8428,0.6885915
20,2000,411.0,732.6727,0.688207
20,2000,445.0,856.3094,0.687665
20,2000,480.0,988.3376,0.6869792
20,2000,514.0,1131.157,0.6873772
20,3000,34.0,5.573195,0.7055394
20,3000,68.0,20.98639,0.6998133
20,3000,102.0,45.73682,0.6962252
20,3000,137.0,79.61336,0.6941603
20,3000,171.0,122.3662,0.6931288
20,3000,205.0,173.9462,0.6928325
20,3000,240.0,234.5575,0.6912392
20,3000,274.0,303.436,0.6916271
20,3000,308.0,381.4189,0.6894255
20,3000,343.0,467.391,0.6892089
20,3000,377.0,562.6725,0.6891671
20,3000,411.0,665.1034,0.6893875
20,3000,445.0,777.168,0.6887352
20,3000,480.0,897.4369,0.6883137
20,3000,514.0,1026.859,0.6879102
20,4000,34.0,5.064631,0.7059562
20,4000,68.0,19.04304,0.7008381
20,4000,102.0,41.48552,0.6968949
20,4000,137.0,72.10066,0.6957109
20,4000,171.0,110.9599,0.6935657
20,4000,205.0,157.6986,0.6929011
20,4000,240.0,212.2986,0.6931093
20,4000,274.0,275.1718,0.6910134
20,4000,308.0,345.4704,0.6905736
20,4000,343.0,423.7385,0.6895635
20,4000,377.0,509.2869,0.6891081
20,4000,411.0,602.6893,0.6895233
20,4000,445.0,704.1337,0.6891472
20,4000,480.0,812.9844,0.6881559
20,4000,514.0,929.8966,0.6884269
20,5000,34.0,4.588937,0.7071496
20,5000,68.0,17.22961,0.702156
20,5000,102.0,37.56072,0.6973249
20,5000,137.0,65.23363,0.6961222
20,5000,171.0,100.3685,0.694041
20,5000,205.0,142.6561,0.6928926
20,5000,240.0,192.0187,0.6924457
20,5000,274.0,248.5285,0.6924262
20,5000,308.0,312.2872,0.6910987
20,5000,343.0,382.8063,0.6903115
20,5000,377.0,460.3522,0.6895674
20,5000,411.0,544.7415,0.6897653
20,5000,445.0,636.7991,0.687713
20,5000,480.0,734.4637,0.6896323
20,5000,514.0,839.1362,0.6885527
20,6000,34.0,4.151437,0.7074174
20,6000,68.0,15.5739,0.7022527
20,6000,102.0,33.90024,0.6981902
20,6000,137.0,58.87821,0.6964548
20,6000,171.0,90.40305,0.6959032
20,6000,205.0,128.667,0.6935319
20,6000,240.0,173.1272,0.6932231
20,6000,274.0,224.0908,0.6925037
20,6000,308.0,281.3287,0.6922737
20,6000,343.0,345.1339,0.6914552
20,6000,377.0,415.0961,0.6903873
20,6000,411.0,491.1962,0.6900815
20,6000,445.0,573.9539,0.6883893
20,6000,480.0,662.4507,0.6881856
20,6000,514.0,756.887,0.6887423
20,7000,34.0,3.746526,0.7079836
20,7000,68.0,14.01994,0.70314
20,7000,102.0,30.53351,0.6986696
20,7000,137.0,53.01403,0.6969071
20,7000,171.0,81.37821,0.6960375
20,7000,205.0,115.7976,0.6937321
20,7000,240.0,155.8624,0.6927722
20,7000,274.0,201.5425,0.6924841
20,7000,308.0,253.1348,0.6928024
20,7000,343.0,310.1455,0.6922973
20,7000,377.0,372.8416,0.6916713
20,7000,411.0,441.8331,0.6900625
20,7000,445.0,515.9256,0.6894568
20,7000,480.0,595.3973,0.6887839
20,7000,514.0,680.4985,0.6883459
20,8000,34.0,3.373654,0.707849
20,8000,68.0,12.59779,0.7036684
20,8000,102.0,27.40952,0.6996444
20,8000,137.0,47.60125,0.6973084
20,8000,171.0,73.02096,0.6966293
20,8000,205.0,103.72,0.6957322
20,8000,240.0,139.8558,0.6932833
20,8000,274.0,180.7259,0.6931598
20,8000,308.0,226.9302,0.692301
20,8000,343.0,278.3367,0.692452
20,8000,377.0,334.3566,0.6919949
20,8000,411.0,395.9118,0.6913485
20,8000,445.0,462.1085,0.6910525
20,8000,480.0,533.4017,0.6901437
20,8000,514.0,610.0352,0.6889063
20,9000,34.0,3.028977,0.7081004
20,9000,68.0,11.29149,0.7042524
20,9000,102.0,24.54443,0.7004122
20,9000,137.0,42.5979,0.6982406
20,9000,171.0,65.38876,0.6966364
20,9000,205.0,92.80363,0.6960362
20,9000,240.0,125.0459,0.6939334
20,9000,274.0,161.7367,0.6929197
20,9000,308.0,202.9223,0.6927956
20,9000,343.0,248.6004,0.6928551
20,9000,377.0,298.8781,0.6926307
20,9000,411.0,353.4865,0.693067
20,9000,445.0,412.7224,0.6919481
20,9000,480.0,476.9562,0.6906683
20,9000,514.0,545.1089,0.6899487
20,10000,34.0,2.713306,0.7082468
20,10000,68.0,10.08056,0.70552
20,10000,102.0,21.89811,0.7015421
20,10000,137.0,38.04709,0.6977841
20,10000,171.0,58.32156,0.6974797
20,10000,205.0,82.77325,0.6964588
20,10000,240.0,111.2924,0.6959671
20,10000,274.0,144.1833,0.6936342
20,10000,308.0,180.9333,0.6930949
20,10000,343.0,221.6843,0.6926358
20,10000,377.0,266.3475,0.6925551
20,10000,411.0,315.0657,0.6929973
20,10000,445.0,367.8663,0.6922408
20,10000,480.0,424.5876,0.6914855
20,10000,514.0,485.666,0.6907355
30,0,34.0,7.546184,0.69868
30,0,68.0,28.4661,0.6968434
30,0,102.0,62.28844,0.6924224
30,0,137.0,108.9384,0.6898141
30,0,171.0,167.4157,0.6887635
30,0,205.0,238.2271,0.6881011
30,0,240.0,322.2388,0.6859991
30,0,274.0,417.5192,0.6850668
30,0,308.0,524.8177,0.6844833
30,0,343.0,644.6573,0.6843508
30,0,377.0,772.9268,0.6857438
30,0,411.0,916.3015,0.6853007
30,0,445.0,1074.667,0.6821674
30,0,480.0,1241.142,0.6842682
30,0,514.0,1419.774,0.6833755
30,1000,34.0,6.889108,0.70069
30,1000,68.0,26.0569,0.6940842
30,1000,102.0,56.86089,0.6927953
30,1000,137.0,99.29932,0.6911493
30,1000,171.0,152.5388,0.6902782
30,1000,205.0,217.3313,0.6885009
30,1000,240.0,293.8326,0.6868605
30,1000,274.0,380.6501,0.6861582
30,1000,308.0,478.4652,0.6849473
30,1000,343.0,587.2783,0.6845835
30,1000,377.0,707.329,0.6837466
30,1000,411.0,838.3146,0.6833311
30,1000,445.0,979.4954,0.6824583
30,1000,480.0,1131.534,0.6834697
30,1000,514.0,1293.936,0.6823866
30,2000,34.0,6.281824,0.7014061
30,2000,68.0,23.72773,0.6959466
30,2000,102.0,51.79468,0.6934457
30,2000,137.0,90.29166,0.6911514
30,2000,171.0,139.2915,0.6895809
30,2000,205.0,197.8331,0.6885873
30,2000,240.0,267.3702,0.6871759
30,2000,274.0,346.4806,0.6858318
30,2000,308.0,435.2795,0.6862239
30,2000,343.0,534.2427,0.6848112
30,2000,377.0,643.3201,0.6845483
30,2000,411.0,760.6445,0.6850306
30,2000,445.0,890.9719,0.6830774
30,2000,480.0,1028.955,0.6824482
30,2000,514.0,1176.786,0.6828449
30,3000,34.0,5.714366,0.7015677
30,3000,68.0,21.5584,0.6976813
30,3000,102.0,47.00084,0.6945138
30,3000,137.0,82.04499,0.6914117
30,3000,171.0,126.2064,0.6904973
30,3000,205.0,179.6875,0.6895702
30,3000,240.0,242.1029,0.6885688
30,3000,274.0,314.5055,0.6865404
30,3000,308.0,395.4964,0.685577
30,3000,343.0,484.9247,0.6854196
30,3000,377.0,583.3994,0.6852529
30,3000,411.0,691.0392,0.6845133
30,3000,445.0,807.2689,0.6845949
30,3000,480.0,930.4915,0.6858519
30,3000,514.0,1064.01,0.685281
30,4000,34.0,5.190978,0.7025267
30,4000,68.0,19.57878,0.6970711
30,4000,102.0,42.66911,0.6946931
30,4000,137.0,74.27577,0.6929951
30,4000,171.0,114.39,0.6912952
30,4000,205.0,162.673,0.6900861
30,4000,240.0,218.9978,0.6893014
30,4000,274.0,284.0903,0.6882867
30,4000,308.0,358.2509,0.6857229
30,4000,343.0,439.2481,0.6858754
30,4000,377.0,528.323,0.6850684
30,4000,411.0,625.7397,0.6846938
30,4000,445.0,730.8312,0.6846029
30,4000,480.0,843.5404,0.6847533
30,4000,514.0,963.4672,0.6844583
30,5000,34.0,4.706754,0.7024731
30,5000,68.0,17.70856,0.6985934
30,5000,102.0,38.64645,0.694156
30,5000,137.0,67.27097,0.6928906
30,5000,171.0,103.463,0.690871
30,5000,205.0,147.011,0.6902072
30,5000,240.0,198.1295,0.6898057
30,5000,274.0,256.4261,0.6898272
30,5000,308.0,323.3872,0.6876348
30,5000,343.0,395.5229,0.6874108
30,5000,377.0,477.3779,0.6858214
30,5000,411.0,565.173,0.6858013
30,5000,445.0,660.2764,0.6845761
30,5000,480.0,761.7051,0.6849366
30,5000,514.0,870.0565,0.6842127
30,6000,34.0,4.257864,0.7025113
30,6000,68.0,16.00285,0.6975523
30,6000,102.0,34.8215,0.6957015
30,6000,137.0,60.65244,0.6934521
30,6000,171.0,93.3766,0.6919512
30,6000,205.0,132.649,0.6908131
30,6000,240.0,178.6636,0.6901566
30,6000,274.0,231.2354,0.6898143
30,6000,308.0,291.584,0.6873084
30,6000,343.0,356.5868,0.6877832
30,6000,377.0,430.1737,0.6865134
30,6000,411.0,509.3149,0.6858435
30,6000,445.0,594.9302,0.6851557
30,6000,480.0,686.9391,0.6849991
30,6000,514.0,785.5669,0.684443
30,7000,34.0,3.840698,0.7037255
30,7000,68.0,14.40999,0.6989084
30,7000,102.0,31.35487,0.6960229
30,7000,137.0,54.46976,0.695155
30,7000,171.0,83.77655,0.6936438
30,7000,205.0,119.3269,0.6913637
30,7000,240.0,160.4688,0.6918473
30,7000,274.0,207.7642,0.6906692
30,7000,308.0,261.1704,0.6889925
30,7000,343.0,320.573,0.6881109
30,7000,377.0,386.5178,0.6871263
30,7000,411.0,457.6731,0.6862447
30,7000,445.0,533.4952,0.6862151
30,7000,480.0,617.2679,0.68591
30,7000,514.0,705.7816,0.6850531
30,8000,34.0,3.456921,0.7042895
30,8000,68.0,12.92839,0.7011458
30,8000,102.0,28.11801,0.697257
30,8000,137.0,48.87978,0.696146
30,8000,171.0,75.20912,0.6942723
30,8000,205.0,106.6588,0.6936472
30,8000,240.0,144.0865,0.69115
30,8000,274.0,186.5007,0.6902681
30,8000,308.0,234.1526,0.689761
30,8000,343.0,287.606,0.6887336
30,8000,377.0,344.7979,0.6891937
30,8000,411.0,410.1364,0.6871339
30,8000,445.0,479.0532,0.6859208
30,8000,480.0,551.5272,0.6864459
30,8000,514.0,632.3315,0.6860924
30,9000,34.0,3.102598,0.7051954
30,9000,68.0,11.58434,0.7012159
30,9000,102.0,25.17713,0.6976813
30,9000,137.0,43.71416,0.6955128
30,9000,171.0,67.24165,0.6946018
30,9000,205.0,95.44469,0.6937714
30,9000,240.0,128.8322,0.6920137
30,9000,274.0,166.7246,0.6906658
30,9000,308.0,209.3518,0.6899214
30,9000,343.0,256.2664,0.6908787
30,9000,377.0,308.651,0.689756
30,9000,411.0,366.4364,0.6876966
30,9000,445.0,426.7148,0.6873447
30,9000,480.0,494.0683,0.6865725
30,9000,514.0,564.8466,0.6864017
30,10000,34.0,2.775965,0.7059777
30,10000,68.0,10.34165,0.7016912
30,10000,102.0,22.48285,0.6984196
30,10000,137.0,39.04219,0.6974598
30,10000,171.0,59.99825,0.6943809
30,10000,205.0,85.09537,0.6944589
30,10000,240.0,114.8763,0.6917153
30,10000,274.0,148.6058,0.6912413
30,10000,308.0,186.4791,0.6896493
30,10000,343.0,228.6738,0.6897993
30,10000,377.0,274.8129,0.6899719
30,10000,411.0,325.5902,0.6889029
30,10000,445.0,380.822,0.6877537
30,10000,480.0,438.8501,0.6870457
30,10000,514.0,501.2486,0.6879347
40,0,34.0,7.775724,0.7061201
40,0,68.0,29.4909,0.7014179
40,0,102.0,64.43084,0.6990554
40,0,137.0,112.9962,0.6970903
40,0,171.0,173.6374,0.6967118
40,0,205.0,248.2674,0.693602
40,0,240.0,334.9409,0.6929826
40,0,274.0,434.5757,0.6918418
40,0,308.0,546.9045,0.6901133
40,0,343.0,673.1499,0.6873032
40,0,377.0,807.8418,0.6889412
40,0,411.0,960.4738,0.6861183
40,0,445.0,1122.328,0.6853574
40,0,480.0,1297.308,0.6857151
40,0,514.0,1484.223,0.6861252
40,1000,34.0,7.113676,0.7058932
40,1000,68.0,26.90774,0.7011034
40,1000,102.0,58.97461,0.6994359
40,1000,137.0,102.965,0.6978405
40,1000,171.0,158.8591,0.6963197
40,1000,205.0,226.3351,0.6941685
40,1000,240.0,305.24,0.6936678
40,1000,274.0,397.3161,0.6904449
40,1000,308.0,498.1076,0.6910261
40,1000,343.0,611.7264,0.6896403
40,1000,377.0,738.8273,0.6867901
40,1000,411.0,875.2986,0.6865178
40,1000,445.0,1022.647,0.686676
40,1000,480.0,1176.136,0.6892891
40,1000,514.0,1351.797,0.6853746
40,2000,34.0,6.487948,0.705151
40,2000,68.0,24.57607,0.702444
40,2000,102.0,53.52869,0.6994935
40,2000,137.0,93.70703,0.6980001
40,2000,171.0,144.5546,0.6970178
40,2000,205.0,205.36,0.6949368
40,2000,240.0,277.7229,0.6939327
40,2000,274.0,358.2776,0.695582
40,2000,308.0,453.0781,0.6907944
40,2000,343.0,556.1447,0.690194
40,2000,377.0,669.7742,0.6899484
40,2000,411.0,793.79,0.6892617
40,2000,445.0,925.7601,0.6891204
40,2000,480.0,1074.393,0.6861429
40,2000,514.0,1228.701,0.6861069
40,3000,34.0,5.900171,0.7069443
40,3000,68.0,22.28318,0.7027362
40,3000,102.0,48.63521,0.7002199
40,3000,137.0,85.11893,0.6979614
40,3000,171.0,131.2533,0.6970745
40,3000,205.0,187.0024,0.695145
40,3000,240.0,252.0866,0.694958
40,3000,274.0,325.1417,0.6959583
40,3000,308.0,410.9327,0.6933628
40,3000,343.0,506.0598,0.6894798
40,3000,377.0,606.8468,0.691994
40,3000,411.0,719.7666,0.690712
40,3000,445.0,840.189,0.6900212
40,3000,480.0,964.3136,0.6930377
40,3000,514.0,1114.874,0.6867315
40,4000,34.0,5.356401,0.7083331
40,4000,68.0,20.21528,0.7028757
40,4000,102.0,44.23631,0.7012182
40,4000,137.0,77.06911,0.6996844
40,4000,171.0,118.8047,0.6981019
40,4000,205.0,168.5725,0.6985155
40,4000,240.0,227.256,0.697327
40,4000,274.0,294.5349,0.6967434
40,4000,308.0,372.376,0.6921473
40,4000,343.0,456.9224,0.6916307
40,4000,377.0,550.1495,0.6904937
40,4000,411.0,650.8286,0.6914482
40,4000,445.0,760.04,0.6915206
40,4000,480.0,878.7871,0.6900182
40,4000,514.0,1008.998,0.6872305
40,5000,34.0,4.85357,0.7084777
40,5000,68.0,18.30066,0.702913
40,5000,102.0,39.89977,0.7009971
40,5000,137.0,69.45998,0.6993514
40,5000,171.0,107.389,0.6974885
40,5000,205.0,152.9684,0.697566
40,5000,240.0,205.3444,0.6982285
40,5000,274.0,266.2695,0.6961573
40,5000,308.0,336.0676,0.6942123
40,5000,343.0,412.5192,0.6930538
40,5000,377.0,493.5728,0.695981
40,5000,411.0,584.4503,0.6948228
40,5000,445.0,687.3867,0.6906799
40,5000,480.0,794.3024,0.6901874
40,5000,514.0,911.1692,0.687708
40,6000,34.0,4.385997,0.7089106
40,6000,68.0,16.50327,0.7047026
40,6000,102.0,36.00613,0.7016323
40,6000,137.0,62.85532,0.7001761
40,6000,171.0,96.80782,0.6979169
40,6000,205.0,137.7836,0.6976162
40,6000,240.0,185.1649,0.6979339
40,6000,274.0,239.8276,0.6979858
40,6000,308.0,302.8754,0.6945221
40,6000,343.0,371.582,0.6937523
40,6000,377.0,444.8838,0.6951757
40,6000,411.0,531.0806,0.6906097
40,6000,445.0,618.7426,0.6918675
40,6000,480.0,717.1281,0.6892597
40,6000,514.0,817.0868,0.693084
40,7000,34.0,3.955307,0.7104914
40,7000,68.0,14.87346,0.7030801
40,7000,102.0,32.42558,0.700641
40,7000,137.0,56.37528,0.6997502
40,7000,171.0,87.02284,0.6989261
40,7000,205.0,123.8324,0.6978554
40,7000,240.0,166.941,0.6982476
40,7000,274.0,215.3725,0.6989244
40,7000,308.0,272.0759,0.6963071
40,7000,343.0,333.7724,0.6949147
40,7000,377.0,399.765,0.6967843
40,7000,411.0,473.2625,0.695384
40,7000,445.0,555.7377,0.692745
40,7000,480.0,638.3741,0.6943651
40,7000,514.0,733.7416,0.6923064
40,8000,34.0,3.55838,0.7105968
40,8000,68.0,13.35068,0.7051043
40,8000,102.0,29.10009,0.7015964
40,8000,137.0,50.72182,0.7014435
40,8000,171.0,77.98718,0.7004897
40,8000,205.0,110.6978,0.6995072
40,8000,240.0,149.6364,0.6978343
40,8000,274.0,193.9513,0.6976576
40,8000,308.0,242.9725,0.6981
40,8000,343.0,299.0193,0.6963506
40,8000,377.0,358.0305,0.6978669
40,8000,411.0,424.0107,0.695612
40,8000,445.0,497.6376,0.6938303
40,8000,480.0,577.0012,0.690345
40,8000,514.0,657.3691,0.6922345
40,9000,34.0,3.191832,0.7118632
40,9000,68.0,11.95113,0.7069001
40,9000,102.0,26.01513,0.701933
40,9000,137.0,45.25307,0.7008387
40,9000,171.0,69.61255,0.7002296
40,9000,205.0,99.17268,0.6993594
40,9000,240.0,133.3589,0.6981923
40,9000,274.0,173.1906,0.6978069
40,9000,308.0,217.7184,0.6971615
40,9000,343.0,266.3636,0.6968408
40,9000,377.0,319.9167,0.6969993
40,9000,411.0,378.6368,0.6969349
40,9000,445.0,444.5535,0.6941774
40,9000,480.0,510.7936,0.6959155
40,9000,514.0,587.0785,0.6927034
40,10000,34.0,2.856736,0.7114146
40,10000,68.0,10.67685,0.7063725
40,10000,102.0,23.22612,0.7015959
40,10000,137.0,40.3646,0.7015998
40,10000,171.0,62.08197,0.6999381
40,10000,205.0,88.3991,0.6996906
40,10000,240.0,119.0457,0.6990845
40,10000,274.0,153.6912,0.6976803
40,10000,308.0,193.7744,0.6974115
40,10000,343.0,237.8645,0.6967872
40,10000,377.0,284.8797,0.6982895
40,10000,411.0,337.2672,0.697085
40,10000,445.0,393.7555,0.6978032
40,10000,480.0,454.8013,0.696879
40,10000,514.0,522.4222,0.6938468
50,0,34.0,7.998015,0.7097414
50,0,68.0,30.41554,0.7050878
50,0,102.0,66.6443,0.7010117
50,0,137.0,116.4244,0.700052
50,0,171.0,179.4342,0.7029507
50,0,205.0,255.7981,0.7005959
50,0,240.0,346.273,0.6986529
50,0,274.0,449.5763,0.6946949
50,0,308.0,568.2603,0.6913427
50,0,343.0,691.1049,0.698458
50,0,377.0,836.8824,0.6960737
50,0,411.0,991.1567,0.6946285
50,0,445.0,1158.789,0.6921427
50,0,480.0,1338.348,0.6941356
50,0,514.0,1541.493,0.6877612
50,1000,34.0,7.322495,0.7105415
50,1000,68.0,27.87173,0.7051322
50,1000,102.0,60.89176,0.7007267
50,1000,137.0,106.0868,0.7018404
50,1000,171.0,163.542,0.703357
50,1000,205.0,233.7663,0.697689
50,1000,240.0,315.905,0.6981751
50,1000,274.0,408.9001,0.697188
50,1000,308.0,514.915,0.6978511
50,1000,343.0,635.8452,0.6911216
50,1000,377.0,765.7158,0.6909184
50,1000,411.0,902.9561,0.694741
50,1000,445.0,1055.896,0.6937957
50,1000,480.0,1218.934,0.6951928
50,1000,514.0,1403.046,0.6911886
50,2000,34.0,6.671775,0.7113132
50,2000,68.0,25.28039,0.7055114
50,2000,102.0,55.35919,0.7015556
50,2000,137.0,96.54152,0.7020083
50,2000,171.0,148.7898,0.7027938
50,2000,205.0,211.8885,0.7041838
50,2000,240.0,288.5627,0.6951306
50,2000,274.0,372.5076,0.6972399
50,2000,308.0,468.0336,0.6982763
50,2000,343.0,574.6614,0.6951405
50,2000,377.0,690.643,0.6958812
50,2000,411.0,821.329,0.6947892
50,2000,445.0,960.249,0.6953917
50,2000,480.0,1108.882,0.6948438
50,2000,514.0,1276.418,0.6887822
50,3000,34.0,6.071143,0.7126426
50,3000,68.0,23.05422,0.7066312
50,3000,102.0,50.28323,0.7029652
50,3000,137.0,87.55476,0.7045915
50,3000,171.0,135.0457,0.7031058
50,3000,205.0,192.3757,0.7041005
50,3000,240.0,261.7969,0.6976726
50,3000,274.0,336.6169,0.7023219
50,3000,308.0,424.9755,0.6973048
50,3000,343.0,520.1165,0.6993681
50,3000,377.0,628.8899,0.6951244
50,3000,411.0,744.778,0.694572
50,3000,445.0,870.4561,0.6939306
50,3000,480.0,1005.853,0.695318
50,3000,514.0,1151.893,0.6949219
50,4000,34.0,5.501827,0.71447
50,4000,68.0,20.91091,0.7059776
50,4000,102.0,45.56727,0.704173
50,4000,137.0,79.37104,0.7036962
50,4000,171.0,122.3632,0.702364
50,4000,205.0,174.1931,0.7046173
50,4000,240.0,237.0121,0.6979038
50,4000,274.0,305.1158,0.7002082
50,4000,308.0,384.7263,0.6980806
50,4000,343.0,470.8929,0.6989986
50,4000,377.0,568.8745,0.6964948
50,4000,411.0,674.4316,0.6946167
50,4000,445.0,787.5516,0.6958385
50,4000,480.0,915.3157,0.6899362
50,4000,514.0,1041.804,0.6950576
50,5000,34.0,4.986078,0.7149015
50,5000,68.0,18.80779,0.707429
50,5000,102.0,41.37157,0.7044656
50,5000,137.0,71.77347,0.7037276
50,5000,171.0,110.5429,0.7028894
50,5000,205.0,157.4694,0.7025576
50,5000,240.0,214.1227,0.6979538
50,5000,274.0,275.2816,0.7028738
50,5000,308.0,347.4727,0.6987705
50,5000,343.0,424.2897,0.7037719
50,5000,377.0,511.1275,0.7023286
50,5000,411.0,608.7552,0.6956592
50,5000,445.0,710.8606,0.6960468
50,5000,480.0,825.6333,0.6919585
50,5000,514.0,944.8834,0.6914989
50,6000,34.0,4.506162,0.7165662
50,6000,68.0,16.97518,0.7081345
50,6000,102.0,37.30135,0.7053259
50,6000,137.0,64.66198,0.7057564
50,6000,171.0,99.73421,0.7013765
50,6000,205.0,141.9472,0.7019189
50,6000,240.0,192.2241,0.7005884
50,6000,274.0,248.0784,0.7028369
50,6000,308.0,313.2095,0.6992315
50,6000,343.0,382.0613,0.7054291
50,6000,377.0,461.2831,0.6985198
50,6000,411.0,547.9985,0.6962591
50,6000,445.0,640.046,0.6974785
50,6000,480.0,739.9966,0.6963333
50,6000,514.0,846.8051,0.6949108
50,7000,34.0,4.061094,0.7173074
50,7000,68.0,15.27751,0.7091417
50,7000,102.0,33.41169,0.7057138
50,7000,137.0,58.17344,0.7053903
50,7000,171.0,89.6105,0.7027604
50,7000,205.0,127.5054,0.7034401
50,7000,240.0,172.7619,0.7001628
50,7000,274.0,222.9507,0.7010945
50,7000,308.0,281.2788,0.6995471
50,7000,343.0,343.9484,0.7011483
50,7000,377.0,414.0325,0.7003152
50,7000,411.0,491.7922,0.6981073
50,7000,445.0,574.988,0.69603
50,7000,480.0,661.4303,0.7012231
50,7000,514.0,759.7296,0.6964583
50,8000,34.0,3.649808,0.7192075
50,8000,68.0,13.72017,0.7095515
50,8000,102.0,30.0838,0.7062423
50,8000,137.0,52.43856,0.704547
50,8000,171.0,80.34905,0.7031981
50,8000,205.0,114.3789,0.7018036
50,8000,240.0,154.8338,0.6998556
50,8000,274.0,199.8228,0.7004381
50,8000,308.0,252.9769,0.6970285
50,8000,343.0,308.0399,0.701989
50,8000,377.0,370.953,0.7002447
50,8000,411.0,440.4738,0.6992118
50,8000,445.0,514.7719,0.6980434
50,8000,480.0,592.2997,0.7014518
50,8000,514.0,680.0944,0.6975426
50,9000,34.0,3.273505,0.7200766
50,9000,68.0,12.28213,0.7110463
50,9000,102.0,26.90097,0.7068732
50,9000,137.0,46.88863,0.7050939
50,9000,171.0,71.77014,0.7061933
50,9000,205.0,102.1842,0.7029819
50,9000,240.0,138.3353,0.7006768
50,9000,274.0,178.4244,0.701138
50,9000,308.0,225.052,0.6996207
50,9000,343.0,275.2385,0.7010562
50,9000,377.0,331.1076,0.7022037
50,9000,411.0,393.5792,0.6983507
50,9000,445.0,459.9754,0.6977623
50,9000,480.0,528.6017,0.7029886
50,9000,514.0,607.537,0.6974502
50,10000,34.0,2.929451,0.7202229
50,10000,68.0,10.9635,0.7118678
50,10000,102.0,23.98383,0.7075786
50,10000,137.0,41.57615,0.7059864
50,10000,171.0,64.02473,0.7048879
50,10000,205.0,91.05421,0.703433
50,10000,240.0,123.212,0.7014018
50,10000,274.0,159.0351,0.6995504
50,10000,308.0,200.5105,0.6996762
50,10000,343.0,244.6164,0.7035643
50,10000,377.0,294.7341,0.7020757
50,10000,411.0,350.2627,0.6998633
50,10000,445.0,409.3859,0.6989177
50,10000,480.0,470.7858,0.7017928
50,10000,514.0,540.6563,0.6982486
60,0,34.0,8.276564,0.7089808
60,0,68.0,31.59242,0.7000239
60,0,102.0,69.387,0.6970606
60,0,137.0,121.5541,0.6930087
60,0,171.0,187.661,0.6942115
60,0,205.0,268.2667,0.6941652
60,0,240.0,361.9902,0.6936559
60,0,274.0,470.1096,0.6946902
60,0,308.0,591.3206,0.693431
60,0,343.0,727.2017,0.6922649
60,0,377.0,875.338,0.6907717
60,0,411.0,1038.501,0.6910018
60,0,445.0,1213.151,0.6910102
60,0,480.0,1403.225,0.6898562
60,0,514.0,1605.938,0.6896064
60,1000,34.0,7.559022,0.7099005
60,1000,68.0,28.79869,0.7016084
60,1000,102.0,63.25805,0.697911
60,1000,137.0,110.7353,0.6955211
60,1000,171.0,170.9651,0.6947356
60,1000,205.0,244.1738,0.6959128
60,1000,240.0,329.808,0.6940826
60,1000,274.0,428.1869,0.6943464
60,1000,308.0,538.6365,0.6918435
60,1000,343.0,661.8846,0.6956338
60,1000,377.0,796.9131,0.6914141
60,1000,411.0,945.6624,0.6934922
60,1000,445.0,1104.006,0.6941668
60,1000,480.0,1278.162,0.6897785
60,1000,514.0,1462.469,0.6899412
60,2000,34.0,6.888913,0.7113859
60,2000,68.0,26.20316,0.7025309
60,2000,102.0,57.55711,0.6983382
60,2000,137.0,100.7134,0.6954656
60,2000,171.0,155.5089,0.6941887
60,2000,205.0,222.1151,0.695172
60,2000,240.0,299.8011,0.6926237
60,2000,274.0,389.1597,0.694693
60,2000,308.0,489.6707,0.6914577
60,2000,343.0,602.0564,0.691535
60,2000,377.0,724.7489,0.6939378
60,2000,411.0,859.61,0.6926357
60,2000,445.0,1003.955,0.6950489
60,2000,480.0,1161.121,0.6912323
60,2000,514.0,1329.289,0.6902929
60,3000,34.0,6.267586,0.7124876
60,3000,68.0,23.79369,0.703551
60,3000,102.0,52.26506,0.6991456
60,3000,137.0,91.36211,0.6970353
60,3000,171.0,141.0348,0.6953806
60,3000,205.0,201.3977,0.6958463
60,3000,240.0,271.8596,0.6941018
60,3000,274.0,353.0816,0.693378
60,3000,308.0,443.9556,0.6930651
60,3000,343.0,545.6122,0.6948518
60,3000,377.0,657.5334,0.6927578
60,3000,411.0,779.4456,0.6929908
60,3000,445.0,912.7829,0.6942039
60,3000,480.0,1053.036,0.6914855
60,3000,514.0,1206.791,0.6909564
60,4000,34.0,5.686283,0.7137082
60,4000,68.0,21.55933,0.7048314
60,4000,102.0,47.3167,0.7009146
60,4000,137.0,82.74409,0.6968296
60,4000,171.0,127.6663,0.6959336
60,4000,205.0,182.3017,0.6949335
60,4000,240.0,245.9958,0.6942946
60,4000,274.0,319.3184,0.6932883
60,4000,308.0,401.7337,0.6931632
60,4000,343.0,493.8295,0.6929942
60,4000,377.0,594.6885,0.6916938
60,4000,411.0,705.0912,0.6928372
60,4000,445.0,824.9094,0.6929213
60,4000,480.0,953.4067,0.691779
60,4000,514.0,1091.586,0.6917483
60,5000,34.0,5.151024,0.7151155
60,5000,68.0,19.49829,0.7056803
60,5000,102.0,42.76517,0.7013642
60,5000,137.0,74.68036,0.6994146
60,5000,171.0,115.3233,0.6963248
60,5000,205.0,164.4807,0.69638
60,5000,240.0,222.0952,0.6936954
60,5000,274.0,288.3053,0.6931967
60,5000,308.0,362.5267,0.6936775
60,5000,343.0,445.7237,0.6931142
60,5000,377.0,536.6154,0.6921499
60,5000,411.0,635.996,0.6948305
60,5000,445.0,744.4554,0.693716
60,5000,480.0,859.6089,0.6927578
60,5000,514.0,984.3154,0.6923565
60,6000,34.0,4.655528,0.7168161
60,6000,68.0,17.59254,0.7066492
60,6000,102.0,38.55015,0.7020278
60,6000,137.0,67.3386,0.6985054
60,6000,171.0,103.9028,0.6970738
60,6000,205.0,148.0634,0.6968282
60,6000,240.0,199.9055,0.6947621
60,6000,274.0,259.5908,0.6934113
60,6000,308.0,326.3886,0.6937298
60,6000,343.0,400.916,0.6957909
60,6000,377.0,483.1837,0.6927283
60,6000,411.0,572.6739,0.6944793
60,6000,445.0,669.8452,0.6956357
60,6000,480.0,773.7966,0.6928039
60,6000,514.0,885.2369,0.6934231
60,7000,34.0,4.197704,0.7183598
60,7000,68.0,15.82981,0.7080908
60,7000,102.0,34.63854,0.7032931
60,7000,137.0,60.51996,0.6992512
60,7000,171.0,93.34419,0.6982229
60,7000,205.0,133.0017,0.6965089
60,7000,240.0,179.5731,0.6943561
60,7000,274.0,232.8511,0.6954541
60,7000,308.0,292.9587,0.694497
60,7000,343.0,359.97,0.694069
60,7000,377.0,433.6634,0.6942291
60,7000,411.0,514.0288,0.6934489
60,7000,445.0,601.0835,0.6943071
60,7000,480.0,694.4964,0.6931885
60,7000,514.0,794.8693,0.6924207
60,8000,34.0,3.774715,0.71987
60,8000,68.0,14.20266,0.7084823
60,8000,102.0,31.04416,0.7052577
60,8000,137.0,54.23637,0.6998591
60,8000,171.0,83.60522,0.7001565
60,8000,205.0,119.1769,0.6954333
60,8000,240.0,160.7856,0.6955029
60,8000,274.0,208.5852,0.6942201
60,8000,308.0,262.2542,0.6950933
60,8000,343.0,322.2093,0.6939168
60,8000,377.0,388.4099,0.6930104
60,8000,411.0,460.0782,0.6944444
60,8000,445.0,538.0577,0.6948163
60,8000,480.0,621.5289,0.6938761
60,8000,514.0,711.1227,0.6923151
60,9000,34.0,3.384176,0.7210891
60,9000,68.0,12.70964,0.7093948
60,9000,102.0,27.76074,0.7057433
60,9000,137.0,48.42808,0.7017642
60,9000,171.0,74.67084,0.70117
60,9000,205.0,106.391,0.6968389
60,9000,240.0,143.5422,0.6970356
60,9000,274.0,186.2066,0.6945586
60,9000,308.0,234.1983,0.6947562
60,9000,343.0,287.5993,0.6930561
60,9000,377.0,346.2805,0.6951631
60,9000,411.0,410.558,0.693105
60,9000,445.0,479.6329,0.696093
60,9000,480.0,554.5588,0.6932057
60,9000,514.0,634.5612,0.6928454
60,10000,34.0,3.024305,0.7223744
60,10000,68.0,11.3402,0.7106448
60,10000,102.0,24.7476,0.7073449
60,10000,137.0,43.13481,0.7021119
60,10000,171.0,66.50568,0.7017761
60,10000,205.0,94.70514,0.6976507
60,10000,240.0,127.7967,0.6974812
60,10000,274.0,165.6812,0.6954833
60,10000,308.0,208.327,0.6959485
60,10000,343.0,255.8379,0.6933799
60,10000,377.0,307.9936,0.6952295
60,10000,411.0,364.9653,0.6945775
60,10000,445.0,426.8972,0.6946564
60,10000,480.0,492.9517,0.694586
60,10000,514.0,564.28,0.6933382
70,0,34.0,8.562879,0.7106069
70,0,68.0,32.85133,0.7043402
70,0,102.0,72.18895,0.7008297
70,0,137.0,126.4288,0.699949
70,0,171.0,195.3249,0.7004575
70,0,205.0,278.8007,0.6990508
70,0,240.0,376.8265,0.6980618
70,0,274.0,489.8409,0.6963094
70,0,308.0,616.5723,0.6970139
70,0,343.0,758.0068,0.6959482
70,0,377.0,914.7002,0.6935477
70,0,411.0,1082.692,0.6954341
70,0,445.0,1266.633,0.6953005
70,0,480.0,1466.784,0.6933507
70,0,514.0,1678.525,0.6930164
70,1000,34.0,7.810822,0.7119423
70,1000,68.0,29.95524,0.7053197
70,1000,102.0,65.82059,0.7007302
70,1000,137.0,115.174,0.7010852
70,1000,171.0,178.0407,0.69989
70,1000,205.0,254.1249,0.6983219
70,1000,240.0,343.1617,0.6986319
70,1000,274.0,445.0468,0.698764
70,1000,308.0,561.632,0.6967728
70,1000,343.0,690.3448,0.6953679
70,1000,377.0,831.9941,0.6956775
70,1000,411.0,987.6456,0.6941078
70,1000,445.0,1152.913,0.6951723
70,1000,480.0,1335.107,0.6938307
70,1000,514.0,1528.338,0.6930842
70,2000,34.0,7.113127,0.7133991
70,2000,68.0,27.25378,0.7062334
70,2000,102.0,59.88507,0.7007774
70,2000,137.0,104.7341,0.7006843
70,2000,171.0,161.8033,0.7007779
70,2000,205.0,230.9808,0.6988461
70,2000,240.0,311.9945,0.6986623
70,2000,274.0,404.623,0.6990087
70,2000,308.0,510.5138,0.696723
70,2000,343.0,627.3276,0.6966284
70,2000,377.0,756.2621,0.6955668
70,2000,411.0,896.507,0.6958052
70,2000,445.0,1048.778,0.6947744
70,2000,480.0,1212.749,0.6940613
70,2000,514.0,1388.395,0.6941859
70,3000,34.0,6.467294,0.7145144
70,3000,68.0,24.749,0.7064366
70,3000,102.0,54.35099,0.701413
70,3000,137.0,95.04967,0.7006651
70,3000,171.0,146.8182,0.7001229
70,3000,205.0,209.4918,0.6987051
70,3000,240.0,283.0642,0.6982501
70,3000,274.0,367.1457,0.6988834
70,3000,308.0,461.8608,0.6990466
70,3000,343.0,568.9807,0.6958058
70,3000,377.0,685.502,0.6967232
70,3000,411.0,812.6904,0.6957335
70,3000,445.0,950.3221,0.695554
70,3000,480.0,1100.113,0.6934351
70,3000,514.0,1258.042,0.6939244
70,4000,34.0,5.86651,0.7161288
70,4000,68.0,22.43417,0.7068694
70,4000,102.0,49.22328,0.7019265
70,4000,137.0,86.061,0.7006639
70,4000,171.0,132.7977,0.7010759
70,4000,205.0,189.5759,0.6987947
70,4000,240.0,256.1783,0.6982957
70,4000,274.0,332.1008,0.7005284
70,4000,308.0,417.8653,0.7002286
70,4000,343.0,513.9365,0.6972139
70,4000,377.0,619.9316,0.6966311
70,4000,411.0,735.1317,0.6963239
70,4000,445.0,859.5804,0.6950732
70,4000,480.0,993.4387,0.6961899
70,4000,514.0,1138.173,0.694701
70,5000,34.0,5.31058,0.7178598
70,5000,68.0,20.28306,0.7067122
70,5000,102.0,44.46811,0.7031109
70,5000,137.0,77.75488,0.700808
70,5000,171.0,119.9325,0.7005817
70,5000,205.0,171.1272,0.7001039
70,5000,240.0,231.2377,0.6982956
70,5000,274.0,299.8466,0.7005892
70,5000,308.0,377.0952,0.7008385
70,5000,343.0,463.8191,0.6975285
70,5000,377.0,558.2128,0.698558
70,5000,411.0,663.1681,0.6967342
70,5000,445.0,775.3408,0.6966679
70,5000,480.0,896.5012,0.6953658
70,5000,514.0,1025.794,0.695958
70,6000,34.0,4.795962,0.7201442
70,6000,68.0,18.2713,0.7079302
70,6000,102.0,40.05921,0.7035858
70,6000,137.0,70.04767,0.7015107
70,6000,171.0,108.0326,0.7007952
70,6000,205.0,154.1041,0.6998906
70,6000,240.0,208.1021,0.6996529
70,6000,274.0,270.0145,0.7002868
70,6000,308.0,339.7104,0.7001093
70,6000,343.0,417.4895,0.6976739
70,6000,377.0,502.5809,0.698504
70,6000,411.0,595.5546,0.6986133
70,6000,445.0,697.8903,0.6965643
70,6000,480.0,806.5466,0.6966602
70,6000,514.0,923.0196,0.6969694
70,7000,34.0,4.322816,0.7222278
70,7000,68.0,16.45863,0.706911
70,7000,102.0,36.00183,0.7058117
70,7000,137.0,62.92492,0.7020222
70,7000,171.0,97.05412,0.7013816
70,7000,205.0,138.4133,0.6988667
70,7000,240.0,186.9023,0.7001414
70,7000,274.0,242.3949,0.7002636
70,7000,308.0,304.8783,0.7014107
70,7000,343.0,374.6506,0.6985098
70,7000,377.0,450.9913,0.6998404
70,7000,411.0,534.2944,0.7002029
70,7000,445.0,626.0143,0.6973693
70,7000,480.0,723.8958,0.6966692
70,7000,514.0,828.4275,0.6964998
70,8000,34.0,3.884643,0.7237772
70,8000,68.0,14.71496,0.7097106
70,8000,102.0,32.27629,0.7051638
70,8000,137.0,56.389,0.703741
70,8000,171.0,86.96039,0.7016494
70,8000,205.0,123.9459,0.699529
70,8000,240.0,167.2872,0.7002377
70,8000,274.0,216.9622,0.7011659
70,8000,308.0,272.967,0.7013777
70,8000,343.0,335.3993,0.698675
70,8000,377.0,403.8993,0.6999434
70,8000,411.0,478.2817,0.7001919
70,8000,445.0,558.8826,0.7007691
70,8000,480.0,646.1652,0.6988329
70,8000,514.0,740.9799,0.6972942
70,9000,34.0,3.481422,0.7265107
70,9000,68.0,13.146,0.7111915
70,9000,102.0,28.83712,0.7061236
70,9000,137.0,50.35123,0.7049225
70,9000,171.0,77.65804,0.7023935
70,9000,205.0,110.6843,0.6994904
70,9000,240.0,149.3507,0.7002924
70,9000,274.0,193.7025,0.7008405
70,9000,308.0,243.5885,0.7012422
70,9000,343.0,299.2924,0.6985203
70,9000,377.0,360.4494,0.6999767
70,9000,411.0,427.0799,0.6995846
70,9000,445.0,498.9561,0.7001393
70,9000,480.0,576.7808,0.6988499
70,9000,514.0,660.513,0.6978127
70,10000,34.0,3.112054,0.7286978
70,10000,68.0,11.72149,0.7124335
70,10000,102.0,25.67047,0.707213
70,10000,137.0,44.84244,0.7054227
70,10000,171.0,69.14836,0.7031868
70,10000,205.0,98.48734,0.7005877
70,10000,240.0,132.9138,0.7011032
70,10000,274.0,172.3285,0.7001783
70,10000,308.0,216.6276,0.7012847
70,10000,343.0,266.1976,0.6985291
70,10000,377.0,320.6411,0.699369
70,10000,411.0,379.892,0.6999834
70,10000,445.0,443.9461,0.6999129
70,10000,480.0,513.3097,0.6982571
70,10000,514.0,587.2,0.6983092
80,0,34.0,8.839676,0.7105399
80,0,68.0,33.6923,0.7078066
80,0,102.0,73.86023,0.7047329
80,0,137.0,129.3479,0.7020955
80,0,171.0,199.7518,0.6998597
80,0,205.0,285.4011,0.6971619
80,0,240.0,386.3224,0.6973559
80,0,274.0,502.2122,0.6962366
80,0,308.0,632.3901,0.6941854
80,0,343.0,776.8693,0.6920502
80,0,377.0,937.3279,0.6907586
80,0,411.0,1112.932,0.692013
80,0,445.0,1303.264,0.6904845
80,0,480.0,1506.606,0.6898531
80,0,514.0,1723.636,0.6875476
80,1000,34.0,8.055694,0.7115353
80,1000,68.0,30.76656,0.7064529
80,1000,102.0,67.3586,0.7052924
80,1000,137.0,117.8258,0.7030477
80,1000,171.0,182.072,0.7004657
80,1000,205.0,259.9901,0.698285
80,1000,240.0,351.809,0.6980519
80,1000,274.0,456.8254,0.6971421
80,1000,308.0,575.5211,0.6954845
80,1000,343.0,707.1238,0.6930035
80,1000,377.0,853.2034,0.6913962
80,1000,411.0,1012.865,0.6926411
80,1000,445.0,1185.74,0.6916883
80,1000,480.0,1371.56,0.690686
80,1000,514.0,1568.711,0.6886429
80,2000,34.0,7.327163,0.7139394
80,2000,68.0,28.06103,0.705922
80,2000,102.0,61.31087,0.7058255
80,2000,137.0,107.1578,0.7034351
80,2000,171.0,165.64,0.7011502
80,2000,205.0,236.3357,0.6985752
80,2000,240.0,319.6597,0.6989146
80,2000,274.0,415.0692,0.697787
80,2000,308.0,522.9073,0.6966675
80,2000,343.0,642.2681,0.6946315
80,2000,377.0,774.6511,0.6931072
80,2000,411.0,919.4252,0.6939179
80,2000,445.0,1076.469,0.6929204
80,2000,480.0,1245.418,0.6923022
80,2000,514.0,1425.559,0.6876464
80,3000,34.0,6.657367,0.7150393
80,3000,68.0,25.67229,0.7033468
80,3000,102.0,55.63537,0.7064092
80,3000,137.0,97.27359,0.7042518
80,3000,171.0,150.1773,0.7022537
80,3000,205.0,214.2485,0.7004617
80,3000,240.0,289.7353,0.69969
80,3000,274.0,376.3779,0.6983444
80,3000,308.0,473.9936,0.6963601
80,3000,343.0,582.1176,0.695016
80,3000,377.0,701.6714,0.6934592
80,3000,411.0,832.8257,0.6937977
80,3000,445.0,975.0121,0.6922189
80,3000,480.0,1127.469,0.6923023
80,3000,514.0,1291.381,0.6905102
80,4000,34.0,6.036505,0.7163221
80,4000,68.0,23.15347,0.7072266
80,4000,102.0,50.4175,0.7078951
80,4000,137.0,88.05376,0.7053018
80,4000,171.0,135.9342,0.7027791
80,4000,205.0,193.9147,0.7015703
80,4000,240.0,262.1471,0.7006399
80,4000,274.0,340.1828,0.699438
80,4000,308.0,428.7291,0.6967691
80,4000,343.0,526.2415,0.6964048
80,4000,377.0,634.3573,0.6949878
80,4000,411.0,752.717,0.6955929
80,4000,445.0,881.3083,0.6935713
80,4000,480.0,1019.082,0.692632
80,4000,514.0,1167.474,0.6896048
80,5000,34.0,5.462032,0.7170669
80,5000,68.0,20.86836,0.7068425
80,5000,102.0,45.60448,0.7072652
80,5000,137.0,79.55049,0.7056958
80,5000,171.0,122.8293,0.7023445
80,5000,205.0,175.0212,0.7032439
80,5000,240.0,236.576,0.7021973
80,5000,274.0,307.0972,0.6992224
80,5000,308.0,386.4348,0.6986365
80,5000,343.0,474.717,0.6969456
80,5000,377.0,572.2635,0.6949422
80,5000,411.0,678.964,0.6956025
80,5000,445.0,794.4277,0.6951075
80,5000,480.0,918.8093,0.6944143
80,5000,514.0,1052.645,0.6910399
80,6000,34.0,4.931044,0.7178251
80,6000,68.0,18.81166,0.707269
80,6000,102.0,41.16882,0.7066947
80,6000,137.0,71.68687,0.7068992
80,6000,171.0,110.5582,0.7043085
80,6000,205.0,157.6454,0.7027017
80,6000,240.0,213.0572,0.7028829
80,6000,274.0,276.3571,0.701786
80,6000,308.0,348.2186,0.6983001
80,6000,343.0,426.9938,0.6972808
80,6000,377.0,514.6329,0.697318
80,6000,411.0,610.6841,0.6969157
80,6000,445.0,714.5876,0.6957743
80,6000,480.0,826.272,0.6950761
80,6000,514.0,945.8458,0.693136
80,7000,34.0,4.440569,0.7194121
80,7000,68.0,17.00957,0.7086156
80,7000,102.0,37.14509,0.7062748
80,7000,137.0,64.49471,0.7058909
80,7000,171.0,99.37496,0.704644
80,7000,205.0,141.6075,0.7037351
80,7000,240.0,191.2784,0.7033718
80,7000,274.0,248.1275,0.7018229
80,7000,308.0,312.2177,0.7006069
80,7000,343.0,383.1692,0.6988434
80,7000,377.0,461.7197,0.6982058
80,7000,411.0,547.749,0.6981678
80,7000,445.0,640.911,0.696732
80,7000,480.0,741.0013,0.6962152
80,7000,514.0,848.3861,0.6948671
80,8000,34.0,3.988947,0.7214197
80,8000,68.0,15.1746,0.7096764
80,8000,102.0,33.40248,0.706917
80,8000,137.0,57.92526,0.7030083
80,8000,171.0,88.98911,0.7061332
80,8000,205.0,126.835,0.7043988
80,8000,240.0,171.2809,0.7032036
80,8000,274.0,222.1962,0.7021083
80,8000,308.0,279.4877,0.702323
80,8000,343.0,342.9742,0.6989736
80,8000,377.0,413.2812,0.6986846
80,8000,411.0,490.432,0.6963121
80,8000,445.0,573.2498,0.6977921
80,8000,480.0,662.6727,0.6973207
80,8000,514.0,758.6428,0.694724
80,9000,34.0,3.576437,0.7224305
80,9000,68.0,13.53626,0.7121696
80,9000,102.0,29.72131,0.7067249
80,9000,137.0,51.73575,0.7063489
80,9000,171.0,79.52579,0.7068374
80,9000,205.0,113.2194,0.706596
80,9000,240.0,152.8499,0.7039195
80,9000,274.0,198.1674,0.7038737
80,9000,308.0,249.4675,0.7024926
80,9000,343.0,306.0554,0.7017296
80,9000,377.0,369.0192,0.6974404
80,9000,411.0,437.2426,0.6987988
80,9000,445.0,511.0178,0.6976652
80,9000,480.0,591.067,0.6984256
80,9000,514.0,676.3831,0.6955656
80,10000,34.0,3.195009,0.7236405
80,10000,68.0,12.05603,0.7146937
80,10000,102.0,26.46235,0.7076418
80,10000,137.0,46.21671,0.7085519
80,10000,171.0,70.94837,0.7050445
80,10000,205.0,100.911,0.7062451
80,10000,240.0,136.0724,0.7047193
80,10000,274.0,176.3989,0.7036692
80,10000,308.0,221.8643,0.7024341
80,10000,343.0,272.2597,0.7023348
80,10000,377.0,328.0542,0.7010021
80,10000,411.0,388.6678,0.6993926
80,10000,445.0,454.3727,0.6989723
80,10000,480.0,525.3821,0.6991677
80,10000,514.0,601.3168,0.6971928
90,0,34.0,9.163244,0.7149363
90,0,68.0,34.94604,0.7067581
90,0,102.0,76.90678,0.7000683
90,0,137.0,134.9251,0.6996365
90,0,171.0,208.5546,0.6951023
90,0,205.0,297.7616,0.6935992
90,0,240.0,403.0859,0.6905457
90,0,274.0,523.4564,0.6902602
90,0,308.0,659.5134,0.6910489
90,0,343.0,810.9655,0.6889137
90,0,377.0,976.688,0.6870626
90,0,411.0,1156.835,0.6864324
90,0,445.0,1356.921,0.6869737
90,0,480.0,1570.307,0.6863994
90,0,514.0,1799.177,0.6855966
90,1000,34.0,8.376461,0.7140501
90,1000,68.0,31.86581,0.7080821
90,1000,102.0,70.06871,0.701548
90,1000,137.0,122.9259,0.7004495
90,1000,171.0,189.7909,0.6970348
90,1000,205.0,271.2816,0.6944661
90,1000,240.0,367.0514,0.6921542
90,1000,274.0,476.1915,0.6908612
90,1000,308.0,600.5624,0.6914874
90,1000,343.0,738.5092,0.6898562
90,1000,377.0,889.3981,0.6878347
90,1000,411.0,1053.384,0.6871903
90,1000,445.0,1235.198,0.6880068
90,1000,480.0,1429.307,0.6872439
90,1000,514.0,1637.228,0.686399
90,2000,34.0,7.63381,0.7142431
90,2000,68.0,29.00821,0.7088963
90,2000,102.0,63.7383,0.7020963
90,2000,137.0,111.7948,0.7001019
90,2000,171.0,172.5422,0.6974933
90,2000,205.0,246.518,0.6960086
90,2000,240.0,333.5604,0.6926913
90,2000,274.0,432.8129,0.6915143
90,2000,308.0,545.4487,0.6931767
90,2000,343.0,670.4589,0.6892241
90,2000,377.0,807.4814,0.6872786
90,2000,411.0,957.5015,0.6859491
90,2000,445.0,1121.581,0.6887735
90,2000,480.0,1297.883,0.6872548
90,2000,514.0,1485.989,0.6880536
90,3000,34.0,6.939917,0.7147746
90,3000,68.0,26.34715,0.7096701
90,3000,102.0,57.83641,0.7032487
90,3000,137.0,101.383,0.702247
90,3000,171.0,156.4949,0.6985587
90,3000,205.0,223.398,0.6969252
90,3000,240.0,302.3696,0.6948552
90,3000,274.0,392.3886,0.6928706
90,3000,308.0,494.5267,0.6940834
90,3000,343.0,607.5162,0.6907048
90,3000,377.0,731.7762,0.6886921
90,3000,411.0,867.1687,0.6888868
90,3000,445.0,1016.826,0.6884995
90,3000,480.0,1175.756,0.6900505
90,3000,514.0,1346.647,0.6877435
90,4000,34.0,6.27302,0.7147353
90,4000,68.0,23.89796,0.711748
90,4000,102.0,52.35544,0.7050688
90,4000,137.0,91.77705,0.700749
90,4000,171.0,141.6517,0.6986826
90,4000,205.0,202.1581,0.6972522
90,4000,240.0,273.4827,0.6962308
90,4000,274.0,354.9749,0.693535
90,4000,308.0,447.2677,0.6945681
90,4000,343.0,549.5073,0.691562
90,4000,377.0,662.0939,0.6888349
90,4000,411.0,784.7025,0.6898748
90,4000,445.0,919.0801,0.6907282
90,4000,480.0,1062.826,0.6907552
90,4000,514.0,1217.168,0.6891368
90,5000,34.0,5.678222,0.713945
90,5000,68.0,21.70433,0.7094659
90,5000,102.0,47.28151,0.7069707
90,5000,137.0,82.82925,0.7026966
90,5000,171.0,127.8692,0.699612
90,5000,205.0,182.4717,0.6981432
90,5000,240.0,246.7939,0.6971486
90,5000,274.0,320.2971,0.6942673
90,5000,308.0,403.4572,0.6957698
90,5000,343.0,495.8372,0.6919224
90,5000,377.0,597.056,0.6913138
90,5000,411.0,708.3865,0.6883107
90,5000,445.0,828.5665,0.689963
90,5000,480.0,958.598,0.6911236
90,5000,514.0,1097.345,0.69045
90,6000,34.0,5.150791,0.713572
90,6000,68.0,19.59728,0.7102489
90,6000,102.0,42.63106,0.7063521
90,6000,137.0,74.61305,0.7030768
90,6000,171.0,115.1569,0.7000988
90,6000,205.0,164.2377,0.6994346
90,6000,240.0,222.0103,0.6975409
90,6000,274.0,288.2802,0.6956138
90,6000,308.0,363.1455,0.6954063
90,6000,343.0,446.0969,0.6943533
90,6000,377.0,537.6385,0.6894158
90,6000,411.0,636.4083,0.6913673
90,6000,445.0,746.0432,0.6908474
90,6000,480.0,862.2998,0.692218
90,6000,514.0,986.9777,0.6913376
90,7000,34.0,4.596669,0.7168676
90,7000,68.0,17.53992,0.7141775
90,7000,102.0,38.32203,0.7104117
90,7000,137.0,67.01044,0.7047501
90,7000,171.0,103.32,0.7024285
90,7000,205.0,147.5224,0.6996278
90,7000,240.0,199.3214,0.6985014
90,7000,274.0,258.6994,0.6964358
90,7000,308.0,325.8409,0.6969411
90,7000,343.0,400.2639,0.6955099
90,7000,377.0,482.1255,0.6932527
90,7000,411.0,571.3148,0.69064
90,7000,445.0,668.9707,0.690446
90,7000,480.0,773.6896,0.6922724
90,7000,514.0,885.3586,0.6918408
90,8000,34.0,4.11914,0.7203209
90,8000,68.0,15.73473,0.7139381
90,8000,102.0,34.38739,0.7100525
90,8000,137.0,60.02893,0.7054536
90,8000,171.0,92.59058,0.7027768
90,8000,205.0,132.067,0.7009299
90,8000,240.0,178.4788,0.6983519
90,8000,274.0,231.4589,0.6987747
90,8000,308.0,291.6173,0.6972904
90,8000,343.0,358.1309,0.6965375
90,8000,377.0,431.3333,0.6943436
90,8000,411.0,511.1993,0.691327
90,8000,445.0,598.5662,0.6913626
90,8000,480.0,692.0677,0.6936582
90,8000,514.0,792.0051,0.693083
90,9000,34.0,3.685852,0.7228605
90,9000,68.0,14.1063,0.7131777
90,9000,102.0,30.82577,0.7100638
90,9000,137.0,53.61647,0.7069583
90,9000,171.0,82.62764,0.7043946
90,9000,205.0,117.9136,0.7012281
90,9000,240.0,159.2773,0.6997956
90,9000,274.0,206.5422,0.6997452
90,9000,308.0,260.0893,0.6992899
90,9000,343.0,319.2442,0.6975701
90,9000,377.0,384.7739,0.6952459
90,9000,411.0,455.6474,0.6942988
90,9000,445.0,533.6824,0.6940553
90,9000,480.0,617.1186,0.6938103
90,9000,514.0,706.1364,0.6945794
90,10000,34.0,3.289797,0.7245278
90,10000,68.0,12.56604,0.7133102
90,10000,102.0,27.61032,0.7083923
90,10000,137.0,47.7613,0.708956
90,10000,171.0,73.53117,0.7062905
90,10000,205.0,104.8824,0.7033938
90,10000,240.0,141.6754,0.7010344
90,10000,274.0,183.7596,0.6993369
90,10000,308.0,231.3468,0.6996114
90,10000,343.0,283.9636,0.697862
100,0,34.0,9.539262,0.6942279
100,0,68.0,37.21486,0.6720251
100,0,102.0,81.95688,0.6688676
100,0,137.0,144.6909,0.658897
100,0,171.0,222.8499,0.667
100,0,205.0,320.9869,0.6580463
100,0,240.0,432.4693,0.6592242
100,0,274.0,573.8481,0.6550452
100,0,308.0,723.4448,0.6556246
100,0,343.0,878.2753,0.6569262
100,0,377.0,1057.03,0.6537641
100,0,411.0,1259.764,0.6591026
100,0,445.0,1456.573,0.6609685
100,0,480.0,1688.63,0.6610875
100,0,514.0,1961.846,0.6509675
100,1000,34.0,8.704046,0.6943315
100,1000,68.0,33.49634,0.6759342
100,1000,102.0,74.80268,0.6687275
100,1000,137.0,131.6145,0.6652762
100,1000,171.0,205.6519,0.6595206
100,1000,205.0,290.5796,0.6600823
100,1000,240.0,386.8573,0.6726794
100,1000,274.0,510.2217,0.6600487
100,1000,308.0,662.8655,0.6561493
100,1000,343.0,798.1028,0.6523626
100,1000,377.0,952.1696,0.6523588
100,1000,411.0,1136.008,0.655755
100,1000,445.0,1344.364,0.6556865
100,1000,480.0,1542.829,0.6610186
100,1000,514.0,1763.965,0.6609331
100,2000,34.0,7.916538,0.6994282
100,2000,68.0,30.61834,0.6790276
100,2000,102.0,68.06324,0.6681336
100,2000,137.0,120.4388,0.6653611
100,2000,171.0,185.2545,0.6677723
100,2000,205.0,266.0633,0.6634562
100,2000,240.0,364.172,0.6600292
100,2000,274.0,464.5834,0.6677694
100,2000,308.0,595.0374,0.656158
100,2000,343.0,729.5385,0.6556361
100,2000,377.0,858.2958,0.6634883
100,2000,411.0,1030.768,0.6603953
100,2000,445.0,1215.45,0.64898
100,2000,480.0,1397.674,0.6554031
100,2000,514.0,1622.793,0.6517833
100,3000,34.0,7.118628,0.7054045
100,3000,68.0,27.72038,0.6805278
100,3000,102.0,61.84531,0.6717642
100,3000,137.0,107.6361,0.6669722
100,3000,171.0,170.6639,0.6654034
100,3000,205.0,240.9432,0.668803
100,3000,240.0,326.2771,0.6579652
100,3000,274.0,422.0681,0.6589357
100,3000,308.0,529.2709,0.6625001
100,3000,343.0,666.2665,0.6567612
100,3000,377.0,796.5058,0.6551545
100,3000,411.0,942.103,0.6561584
100,3000,445.0,1100.772,0.6509777
100,3000,480.0,1265.788,0.6567465
100,3000,514.0,1453.647,0.6534341
100,4000,34.0,6.495815,0.7053537
100,4000,68.0,25.12956,0.6825391
100,4000,102.0,55.5658,0.6719478
100,4000,137.0,97.8288,0.6676561
100,4000,171.0,154.7685,0.6674451
100,4000,205.0,215.92,0.6709975
100,4000,240.0,293.7177,0.6618025
100,4000,274.0,382.6071,0.6628703
100,4000,308.0,481.0673,0.6589618
100,4000,343.0,606.8447,0.6552115
100,4000,377.0,721.8261,0.657627
100,4000,411.0,856.2284,0.6592317
100,4000,445.0,985.2217,0.6552343
100,4000,480.0,1175.726,0.6514409
100,4000,514.0,1330.146,0.6568624
100,5000,34.0,5.884274,0.7151733
100,5000,68.0,22.55424,0.688813
100,5000,102.0,50.04655,0.675178
100,5000,137.0,88.59309,0.6682633
100,5000,171.0,138.0191,0.6649408
100,5000,205.0,196.6313,0.6609016
100,5000,240.0,264.8925,0.6642228
100,5000,274.0,344.7177,0.6633616
100,5000,308.0,424.7169,0.6645131
100,5000,343.0,530.8929,0.6627728
100,5000,377.0,650.2119,0.6595977
100,5000,411.0,769.8286,0.654489
100,5000,445.0,900.8701,0.6515709
100,5000,480.0,1020.471,0.6676493
100,5000,514.0,1178.071,0.6526943
100,6000,34.0,5.292422,0.7076393
100,6000,68.0,20.56012,0.6868961
100,6000,102.0,45.31672,0.6751921
100,6000,137.0,79.04541,0.6709457
100,6000,171.0,123.7572,0.6677672
100,6000,205.0,176.2159,0.6702734
100,6000,240.0,242.7783,0.6613376
100,6000,274.0,310.7019,0.6630952
100,6000,308.0,389.8127,0.6718529
100,6000,343.0,476.7566,0.6610571
100,6000,377.0,574.6831,0.6595388
100,6000,411.0,702.8434,0.6595184
100,6000,445.0,811.3011,0.6529714
100,6000,480.0,941.7191,0.654084
100,6000,514.0,1053.647,0.6581116
100,7000,34.0,4.724801,0.7148137
100,7000,68.0,18.40799,0.6907305
100,7000,102.0,40.65353,0.6768662
100,7000,137.0,71.58743,0.6717668
100,7000,171.0,109.4084,0.6672434
100,7000,205.0,159.1417,0.6673876
100,7000,240.0,214.9002,0.6667553
100,7000,274.0,281.045,0.6620685
100,7000,308.0,353.7043,0.6639919
100,7000,343.0,421.3696,0.6685127
100,7000,377.0,515.6135,0.6625925
100,7000,411.0,617.1846,0.6587963
100,7000,445.0,727.3839,0.6600536
100,7000,480.0,836.5082,0.6581116
100,7000,514.0,957.4166,0.6538644
100,8000,34.0,4.22993,0.7194357
100,8000,68.0,16.34285,0.6936383
100,8000,102.0,36.51192,0.6797846
100,8000,137.0,62.6374,0.6787843
100,8000,171.0,98.68782,0.6693574
100,8000,205.0,141.2792,0.669171
100,8000,240.0,190.1982,0.6680311
100,8000,274.0,252.1164,0.6658306
100,8000,308.0,310.6542,0.6623722
100,8000,343.0,385.5356,0.6620001
100,8000,377.0,462.0632,0.6652225
100,8000,411.0,550.6815,0.6634024
100,8000,445.0,659.6662,0.6560518
100,8000,480.0,752.9942,0.6558636
100,8000,514.0,859.4108,0.6597384
100,9000,34.0,3.792638,0.7240335
100,9000,68.0,14.6489,0.6959805
100,9000,102.0,32.56433,0.6809989
100,9000,137.0,56.68205,0.6772091
100,9000,171.0,87.80107,0.670793
100,9000,205.0,124.0735,0.6719515
100,9000,240.0,169.9453,0.6681357
100,9000,274.0,222.5202,0.6678744
100,9000,308.0,275.9662,0.6732796
100,9000,343.0,343.6521,0.6705071
100,9000,377.0,410.5989,0.6649067
100,9000,411.0,486.8013,0.662724
100,9000,445.0,581.8719,0.6570192
100,9000,480.0,680.3422,0.659879
100,9000,514.0,769.1384,0.6565496
100,10000,34.0,3.386358,0.7265387
100,10000,68.0,12.97243,0.6998069
100,10000,102.0,28.87084,0.696179
100,10000,137.0,50.35945,0.6750944
100,10000,171.0,78.16374,0.6717014
100,10000,205.0,111.4172,0.6685125
100,10000,240.0,151.5307,0.6686634
100,10000,274.0,197.4548,0.6636407
100,10000,308.0,252.1585,0.6682923
100,10000,343.0,303.6797,0.6642627
100,10000,377.0,367.3562,0.6656411
100,10000,411.0,422.6305,0.6779563
100,10000,445.0,502.3064,0.6623946
100,10000,480.0,605.1975,0.6560609
100,10000,514.0,683.9979,0.6579708
